s,d,yaw,pitch,dyaw,dpitch,qdist
0.0000,0.0,147.539,15.518,0.0000,0.0000,0.0000
0.0010,5.0,148.132,16.210,0.5925,0.6916,0.9107
0.0020,9.9,148.184,16.225,0.0525,0.0147,0.0545
0.0030,14.8,148.240,16.176,0.0554,0.0482,0.0735
0.0040,19.7,148.297,16.108,0.0577,0.0685,0.0896
0.0050,24.6,148.356,16.007,0.0590,0.1014,0.1173
0.0060,29.4,148.416,15.873,0.0592,0.1340,0.1465
0.0070,34.2,148.474,15.697,0.0583,0.1760,0.1854
0.0080,39.0,148.530,15.438,0.0564,0.2581,0.2642
0.0090,43.8,148.584,15.123,0.0535,0.3151,0.3196
0.0100,48.5,148.634,14.736,0.0498,0.3875,0.3907
0.0110,53.2,148.679,14.298,0.0453,0.4375,0.4398
0.0120,58.0,148.719,13.864,0.0399,0.4345,0.4363
0.0130,62.7,148.753,13.458,0.0338,0.4063,0.4077
0.0140,67.3,148.777,13.086,0.0248,0.3712,0.3720
0.0150,72.0,148.792,12.756,0.0142,0.3301,0.3304
0.0160,76.7,148.793,12.493,0.0016,0.2629,0.2629
0.0170,81.3,148.780,12.322,0.0129,0.1714,0.1719
0.0180,86.0,148.751,12.208,0.0291,0.1138,0.1175
0.0190,90.6,148.705,12.135,0.0466,0.0731,0.0867
0.0200,95.3,148.640,12.122,0.0648,0.0131,0.0661
0.0210,99.9,148.557,12.132,0.0832,0.0099,0.0838
0.0220,104.6,148.455,12.166,0.1014,0.0344,0.1071
0.0230,109.2,148.336,12.219,0.1189,0.0527,0.1301
0.0240,113.9,148.200,12.257,0.1357,0.0378,0.1408
0.0250,118.5,148.049,12.301,0.1514,0.0445,0.1578
0.0260,123.2,147.883,12.356,0.1660,0.0547,0.1748
0.0270,127.9,147.704,12.415,0.1793,0.0592,0.1888
0.0280,132.6,147.513,12.467,0.1912,0.0521,0.1982
0.0290,137.3,147.311,12.514,0.2018,0.0463,0.2070
0.0300,142.0,147.100,12.558,0.2108,0.0439,0.2153
0.0310,146.8,146.882,12.597,0.2185,0.0399,0.2221
0.0320,151.5,146.657,12.636,0.2248,0.0384,0.2280
0.0330,156.3,146.427,12.670,0.2298,0.0343,0.2323
0.0340,161.1,146.193,12.709,0.2336,0.0389,0.2368
0.0350,165.9,145.957,12.755,0.2361,0.0463,0.2406
0.0360,170.8,145.720,12.796,0.2373,0.0403,0.2407
0.0370,175.7,145.483,12.833,0.2370,0.0373,0.2399
0.0380,180.6,145.248,12.873,0.2351,0.0405,0.2385
0.0390,185.6,145.016,12.917,0.2314,0.0438,0.2355
0.0400,190.5,144.790,12.941,0.2260,0.0235,0.2273
0.0410,195.6,144.571,12.933,0.2193,0.0075,0.2194
0.0420,200.6,144.360,12.932,0.2115,0.0007,0.2115
0.0430,205.7,144.157,12.962,0.2032,0.0293,0.2053
0.0440,210.8,143.961,13.014,0.1951,0.0525,0.2021
0.0450,216.0,143.774,13.052,0.1878,0.0373,0.1914
0.0460,221.2,143.592,13.070,0.1816,0.0181,0.1825
0.0470,226.5,143.415,13.079,0.1768,0.0097,0.1770
0.0480,231.8,143.242,13.080,0.1735,0.0008,0.1735
0.0490,237.2,143.070,13.086,0.1716,0.0061,0.1717
0.0500,242.6,142.900,13.084,0.1706,0.0022,0.1707
0.0510,248.1,142.729,13.098,0.1703,0.0145,0.1709
0.0520,253.6,142.559,13.134,0.1699,0.0353,0.1735
0.0530,259.2,142.391,13.166,0.1688,0.0322,0.1718
0.0540,264.8,142.225,13.197,0.1661,0.0307,0.1689
0.0550,270.5,142.064,13.231,0.1607,0.0341,0.1643
0.0560,276.3,141.912,13.258,0.1514,0.0270,0.1538
0.0570,282.1,141.775,13.278,0.1370,0.0199,0.1384
0.0580,288.0,141.659,13.301,0.1163,0.0230,0.1185
0.0590,294.0,141.571,13.270,0.0886,0.0303,0.0936
0.0600,300.0,141.517,13.259,0.0538,0.0114,0.0550
0.0610,306.1,141.504,13.275,0.0127,0.0158,0.0202
0.0620,312.3,141.537,13.283,0.0334,0.0080,0.0343
0.0630,318.6,141.620,13.300,0.0823,0.0171,0.0840
0.0640,324.9,141.751,13.312,0.1317,0.0121,0.1322
0.0650,331.3,141.931,13.333,0.1793,0.0211,0.1805
0.0660,337.8,142.154,13.345,0.2232,0.0115,0.2235
0.0670,344.4,142.416,13.363,0.2624,0.0179,0.2630
0.0680,351.1,142.713,13.374,0.2964,0.0115,0.2967
0.0690,357.8,143.038,13.387,0.3257,0.0129,0.3260
0.0700,364.6,143.389,13.404,0.3511,0.0169,0.3515
0.0710,371.5,143.763,13.410,0.3737,0.0066,0.3737
0.0720,378.4,144.158,13.388,0.3947,0.0220,0.3953
0.0730,385.5,144.573,13.391,0.4148,0.0031,0.4148
0.0740,392.6,145.007,13.379,0.4343,0.0125,0.4344
0.0750,399.7,145.460,13.357,0.4529,0.0220,0.4534
0.0760,407.0,145.930,13.312,0.4700,0.0452,0.4722
0.0770,414.3,146.415,13.280,0.4850,0.0320,0.4860
0.0780,421.6,146.912,13.236,0.4973,0.0442,0.4992
0.0790,429.1,147.419,13.172,0.5067,0.0638,0.5107
0.0800,436.6,147.932,13.132,0.5135,0.0395,0.5150
0.0810,444.2,148.450,13.038,0.5184,0.0940,0.5268
0.0820,451.8,148.973,12.887,0.5223,0.1517,0.5438
0.0830,459.5,149.499,12.742,0.5260,0.1444,0.5454
0.0840,467.3,150.029,12.545,0.5301,0.1969,0.5655
0.0850,475.1,150.564,12.343,0.5348,0.2026,0.5719
0.0860,483.0,151.103,12.130,0.5393,0.2124,0.5796
0.0870,491.0,151.645,11.889,0.5420,0.2412,0.5932
0.0880,499.0,152.185,11.670,0.5406,0.2193,0.5834
0.0890,507.1,152.718,11.564,0.5327,0.1057,0.5431
0.0900,515.3,153.235,11.628,0.5168,0.0639,0.5208
0.0910,523.5,153.728,11.868,0.4932,0.2404,0.5487
0.0920,531.7,154.192,12.005,0.4642,0.1363,0.4838
0.0930,540.1,154.627,11.991,0.4345,0.0138,0.4347
0.0940,548.4,155.037,11.789,0.4104,0.2020,0.4574
0.0950,556.9,155.436,11.543,0.3984,0.2458,0.4682
0.0960,565.4,155.840,11.358,0.4040,0.1849,0.4443
0.0970,573.9,156.270,11.174,0.4299,0.1844,0.4678
0.0980,582.5,156.746,10.955,0.4760,0.2190,0.5239
0.0990,591.2,157.285,10.771,0.5391,0.1836,0.5695
0.1000,599.9,157.899,10.571,0.6139,0.2002,0.6457
0.1010,608.7,158.592,10.419,0.6931,0.1524,0.7096
0.1020,617.5,159.361,10.283,0.7695,0.1354,0.7814
0.1030,626.3,160.198,10.183,0.8366,0.1002,0.8425
0.1040,635.3,161.086,10.090,0.8888,0.0935,0.8937
0.1050,644.2,162.009,10.010,0.9224,0.0799,0.9258
0.1060,653.2,162.945,9.918,0.9358,0.0916,0.9403
0.1070,662.3,163.874,9.897,0.9295,0.0211,0.9297
0.1080,671.4,164.780,9.795,0.9062,0.1021,0.9119
0.1090,680.6,165.651,9.577,0.8711,0.2179,0.8980
0.1100,689.8,166.483,9.213,0.8316,0.3640,0.9077
0.1110,699.0,167.279,8.849,0.7958,0.3641,0.8751
0.1120,708.3,168.051,8.504,0.7718,0.3454,0.8455
0.1130,717.6,168.817,8.194,0.7660,0.3101,0.8264
0.1140,727.0,169.598,7.900,0.7819,0.2933,0.8351
0.1150,736.5,170.418,7.751,0.8199,0.1496,0.8335
0.1160,745.9,171.296,7.425,0.8773,0.3262,0.9359
0.1170,755.4,172.244,6.399,0.9487,1.0254,1.3969
0.1180,765.0,173.272,5.370,1.0273,1.0295,1.4544
0.1190,774.5,174.377,4.639,1.1051,0.7309,1.3250
0.1200,784.2,175.551,4.055,1.1744,0.5841,1.3117
0.1210,793.8,176.780,3.702,1.2285,0.3525,1.2781
0.1220,803.5,178.041,3.486,1.2616,0.2160,1.2800
0.1230,813.3,179.310,3.626,1.2688,0.1400,1.2765
0.1240,823.0,180.556,4.018,1.2459,0.3922,1.3062
0.1250,832.8,181.745,4.621,1.1893,0.6028,1.3334
0.1260,842.7,182.841,5.063,1.0960,0.4417,1.1817
0.1270,852.6,183.807,5.279,0.9658,0.2158,0.9897
0.1280,862.5,184.610,5.354,0.8028,0.0757,0.8063
0.1290,872.4,185.225,5.520,0.6155,0.1659,0.6374
0.1300,882.4,185.642,5.883,0.4165,0.3631,0.5525
0.1310,892.4,185.864,6.299,0.2220,0.4154,0.4710
0.1320,902.4,185.913,6.424,0.0487,0.1250,0.1341
0.1330,912.5,185.823,6.452,0.0892,0.0286,0.0936
0.1340,922.6,185.641,6.431,0.1822,0.0217,0.1835
0.1350,932.7,185.415,6.334,0.2266,0.0963,0.2462
0.1360,942.8,185.189,6.298,0.2255,0.0367,0.2285
0.1370,953.0,185.002,6.356,0.1874,0.0581,0.1963
0.1380,963.2,184.877,6.346,0.1242,0.0095,0.1246
0.1390,973.4,184.829,6.325,0.0488,0.0214,0.0533
0.1400,983.7,184.856,6.270,0.0271,0.0550,0.0613
0.1410,994.0,184.950,6.322,0.0940,0.0517,0.1073
0.1420,1004.3,185.095,6.345,0.1448,0.0229,0.1466
0.1430,1014.6,185.270,6.340,0.1756,0.0047,0.1757
0.1440,1024.9,185.456,6.233,0.1854,0.1065,0.2139
0.1450,1035.3,185.631,5.900,0.1751,0.3336,0.3768
0.1460,1045.7,185.777,5.634,0.1468,0.2655,0.3034
0.1470,1056.1,185.880,5.553,0.1030,0.0813,0.1312
0.1480,1066.5,185.926,5.707,0.0455,0.1542,0.1607
0.1490,1076.9,185.901,5.673,0.0247,0.0337,0.0418
0.1500,1087.4,185.795,5.322,0.1065,0.3513,0.3671
0.1510,1097.8,185.596,4.953,0.1990,0.3686,0.4189
0.1520,1108.3,185.296,4.678,0.2994,0.2759,0.4071
0.1530,1118.8,184.894,4.471,0.4022,0.2068,0.4522
0.1540,1129.3,184.396,4.394,0.4985,0.0772,0.5045
0.1550,1139.9,183.818,4.290,0.5779,0.1036,0.5871
0.1560,1150.4,183.187,3.904,0.6303,0.3862,0.7392
0.1570,1161.0,182.540,3.475,0.6474,0.4289,0.7766
0.1580,1171.5,181.916,3.539,0.6240,0.0641,0.6273
0.1590,1182.1,181.357,3.668,0.5592,0.1292,0.5739
0.1600,1192.7,180.902,4.393,0.4550,0.7249,0.8559
0.1610,1203.3,180.587,5.006,0.3152,0.6129,0.6892
0.1620,1213.9,180.441,5.241,0.1453,0.2348,0.2762
0.1630,1224.5,180.489,5.924,0.0477,0.6832,0.6849
0.1640,1235.1,180.744,6.185,0.2548,0.2613,0.3650
0.1650,1245.8,181.208,5.992,0.4641,0.1932,0.5027
0.1660,1256.4,181.869,5.803,0.6614,0.1891,0.6879
0.1670,1267.0,182.701,5.598,0.8314,0.2050,0.8563
0.1680,1277.7,183.661,5.359,0.9599,0.2395,0.9893
0.1690,1288.3,184.697,5.175,1.0369,0.1840,1.0531
0.1700,1299.0,185.757,5.064,1.0591,0.1111,1.0649
0.1710,1309.6,186.787,4.928,1.0299,0.1359,1.0388
0.1720,1320.3,187.745,4.607,0.9583,0.3207,1.0105
0.1730,1330.9,188.601,4.055,0.8566,0.5522,1.0191
0.1740,1341.6,189.339,3.429,0.7376,0.6262,0.9675
0.1750,1352.2,189.951,2.596,0.6124,0.8325,1.0335
0.1760,1362.9,190.441,1.396,0.4896,1.2000,1.2960
0.1770,1373.6,190.815,0.196,0.3741,1.2000,1.2570
0.1780,1384.2,191.083,-1.004,0.2675,1.2000,1.2295
0.1790,1394.8,191.251,-2.204,0.1684,1.2000,1.2118
0.1800,1405.5,191.324,-1.621,0.0731,0.5824,0.5870
0.1810,1416.1,191.300,-1.417,0.0242,0.2049,0.2063
0.1820,1426.8,191.170,-1.455,0.1304,0.0380,0.1358
0.1830,1437.4,190.918,-1.429,0.2520,0.0257,0.2533
0.1840,1448.0,190.524,-1.166,0.3935,0.2630,0.4733
0.1850,1458.6,189.968,-1.206,0.5564,0.0406,0.5579
0.1860,1469.2,189.230,-1.403,0.7381,0.1969,0.7639
0.1870,1479.8,188.297,-0.351,0.9326,1.0524,1.4062
0.1880,1490.4,187.165,0.849,1.1321,1.2000,1.6497
0.1890,1500.9,185.837,2.049,1.3274,1.2000,1.7894
0.1900,1511.5,184.327,2.839,1.5109,0.7904,1.7052
0.1910,1522.0,182.649,3.232,1.6774,0.3930,1.7228
0.1920,1532.6,180.824,3.298,1.8251,0.0659,1.8263
0.1930,1543.1,178.869,3.076,1.9550,0.2218,1.9675
0.1940,1553.6,176.869,3.208,2.0000,0.1316,2.0043
0.1950,1564.1,174.869,3.748,2.0000,0.5400,2.0716
0.1960,1574.6,172.869,4.136,2.0000,0.3883,2.0373
0.1970,1585.0,170.869,4.207,2.0000,0.0710,2.0013
0.1980,1595.5,168.869,4.322,2.0000,0.1143,2.0033
0.1990,1605.9,166.869,4.377,2.0000,0.0549,2.0008
0.2000,1616.3,164.869,4.574,2.0000,0.1974,2.0097
0.2010,1626.7,162.869,4.763,2.0000,0.1889,2.0089
0.2020,1637.1,160.869,5.029,2.0000,0.2660,2.0176
0.2030,1647.4,158.869,5.067,2.0000,0.0381,2.0004
0.2040,1657.7,156.869,4.686,2.0000,0.3806,2.0359
0.2050,1668.0,154.869,4.440,2.0000,0.2466,2.0151
0.2060,1678.3,152.869,4.568,2.0000,0.1280,2.0041
0.2070,1688.6,150.869,4.819,2.0000,0.2509,2.0157
0.2080,1698.8,148.869,4.906,2.0000,0.0872,2.0019
0.2090,1709.0,146.869,4.785,2.0000,0.1207,2.0036
0.2100,1719.2,144.869,4.548,2.0000,0.2371,2.0140
0.2110,1729.3,142.869,4.376,2.0000,0.1725,2.0074
0.2120,1739.5,140.869,4.347,2.0000,0.0282,2.0002
0.2130,1749.6,138.869,4.602,2.0000,0.2548,2.0162
0.2140,1759.6,136.869,5.090,2.0000,0.4876,2.0586
0.2150,1769.7,134.869,5.461,2.0000,0.3707,2.0341
0.2160,1779.7,132.869,5.591,2.0000,0.1309,2.0043
0.2170,1789.7,130.869,5.808,2.0000,0.2168,2.0117
0.2180,1799.6,128.869,6.078,2.0000,0.2694,2.0181
0.2190,1809.5,126.869,6.557,2.0000,0.4791,2.0566
0.2200,1819.4,124.869,7.343,2.0000,0.7857,2.1488
0.2210,1829.3,122.869,7.754,2.0000,0.4113,2.0419
0.2220,1839.1,120.869,7.886,2.0000,0.1321,2.0044
0.2230,1848.9,119.256,7.815,1.6129,0.0712,1.6145
0.2240,1858.6,118.178,7.584,1.0781,0.2306,1.1025
0.2250,1868.3,117.203,7.487,0.9750,0.0972,0.9798
0.2260,1878.0,116.312,7.503,0.8906,0.0164,0.8908
0.2270,1887.6,115.487,7.715,0.8258,0.2113,0.8524
0.2280,1897.2,114.709,7.847,0.7776,0.1326,0.7889
0.2290,1906.8,113.968,7.788,0.7407,0.0589,0.7431
0.2300,1916.3,113.259,7.570,0.7091,0.2186,0.7421
0.2310,1925.8,112.581,7.239,0.6777,0.3311,0.7543
0.2320,1935.2,111.938,6.663,0.6436,0.5759,0.8636
0.2330,1944.6,111.331,6.082,0.6071,0.5809,0.8402
0.2340,1953.9,110.760,5.792,0.5710,0.2899,0.6404
0.2350,1963.2,110.220,5.723,0.5398,0.0684,0.5441
0.2360,1972.5,109.702,5.496,0.5178,0.2272,0.5655
0.2370,1981.7,109.194,5.573,0.5077,0.0765,0.5134
0.2380,1990.9,108.684,5.819,0.5101,0.2459,0.5662
0.2390,2000.0,108.162,5.766,0.5224,0.0529,0.5251
0.2400,2009.1,107.622,5.699,0.5397,0.0668,0.5438
0.2410,2018.1,107.067,5.784,0.5551,0.0846,0.5616
0.2420,2027.1,106.506,6.034,0.5614,0.2505,0.6147
0.2430,2036.0,105.953,6.456,0.5524,0.4223,0.6953
0.2440,2044.9,105.429,6.935,0.5241,0.4788,0.7099
0.2450,2053.7,104.954,7.376,0.4755,0.4404,0.6481
0.2460,2062.5,104.545,7.912,0.4087,0.5365,0.6744
0.2470,2071.2,104.217,8.701,0.3279,0.7890,0.8544
0.2480,2079.9,103.978,9.614,0.2387,0.9126,0.9434
0.2490,2088.5,103.831,10.734,0.1471,1.1203,1.1299
0.2500,2097.1,103.772,11.934,0.0587,1.2000,1.2014
0.2510,2105.6,103.794,13.134,0.0216,1.2000,1.2002
0.2520,2114.0,103.884,14.334,0.0900,1.2000,1.2034
0.2530,2122.4,104.027,15.534,0.1430,1.2000,1.2085
0.2540,2130.8,104.205,16.661,0.1778,1.1271,1.1410
0.2550,2139.1,104.397,17.352,0.1923,0.6908,0.7171
0.2560,2147.3,104.583,17.675,0.1855,0.3228,0.3723
0.2570,2155.5,104.741,17.634,0.1586,0.0406,0.1637
0.2580,2163.6,104.856,17.249,0.1145,0.3853,0.4019
0.2590,2171.6,104.914,16.639,0.0585,0.6102,0.6130
0.2600,2179.6,104.912,15.776,0.0025,0.8630,0.8630
0.2610,2187.5,104.850,14.828,0.0614,0.9472,0.9491
0.2620,2195.4,104.739,13.943,0.1112,0.8851,0.8921
0.2630,2203.1,104.592,13.220,0.1471,0.7231,0.7379
0.2640,2210.9,104.426,12.553,0.1665,0.6670,0.6874
0.2650,2218.5,104.257,12.022,0.1689,0.5312,0.5574
0.2660,2226.1,104.101,11.643,0.1556,0.3796,0.4103
0.2670,2233.7,103.972,11.323,0.1288,0.3193,0.3443
0.2680,2241.1,103.882,11.156,0.0907,0.1676,0.1906
0.2690,2248.5,103.838,11.144,0.0437,0.0114,0.0452
0.2700,2255.8,103.848,11.170,0.0103,0.0263,0.0282
0.2710,2263.1,103.917,11.371,0.0692,0.2008,0.2124
0.2720,2270.3,104.048,11.717,0.1310,0.3460,0.3699
0.2730,2277.4,104.241,12.142,0.1928,0.4252,0.4669
0.2740,2284.4,104.493,12.559,0.2519,0.4166,0.4868
0.2750,2291.4,104.799,13.029,0.3055,0.4704,0.5609
0.2760,2298.3,105.150,13.592,0.3512,0.5625,0.6631
0.2770,2305.1,105.538,14.312,0.3879,0.7204,0.8182
0.2780,2311.9,105.953,15.162,0.4151,0.8499,0.9459
0.2790,2318.6,106.387,16.019,0.4340,0.8574,0.9610
0.2800,2325.2,106.833,16.907,0.4464,0.8871,0.9931
0.2810,2331.7,107.288,17.785,0.4543,0.8789,0.9893
0.2820,2338.1,107.747,18.656,0.4598,0.8705,0.9845
0.2830,2344.5,108.211,19.482,0.4638,0.8265,0.9478
0.2840,2350.8,108.678,20.208,0.4669,0.7252,0.8625
0.2850,2357.0,109.147,20.785,0.4686,0.5777,0.7438
0.2860,2363.1,109.614,21.179,0.4678,0.3932,0.6111
0.2870,2369.2,110.078,21.486,0.4632,0.3071,0.5558
0.2880,2375.1,110.532,21.735,0.4539,0.2493,0.5178
0.2890,2381.0,110.971,21.896,0.4392,0.1612,0.4679
0.2900,2386.8,111.390,21.930,0.4194,0.0341,0.4207
0.2910,2392.5,111.785,21.842,0.3953,0.0882,0.4050
0.2920,2398.2,112.154,21.672,0.3686,0.1704,0.4061
0.2930,2403.7,112.495,21.437,0.3414,0.2341,0.4139
0.2940,2409.2,112.811,21.088,0.3156,0.3494,0.4708
0.2950,2414.6,113.104,20.615,0.2931,0.4725,0.5560
0.2960,2419.8,113.379,20.058,0.2749,0.5577,0.6218
0.2970,2425.0,113.641,19.473,0.2615,0.5843,0.6402
0.2980,2430.1,113.893,18.804,0.2525,0.6696,0.7157
0.2990,2435.2,114.140,18.117,0.2470,0.6865,0.7295
0.3000,2440.1,114.384,17.495,0.2436,0.6224,0.6683
0.3010,2445.0,114.624,17.000,0.2409,0.4947,0.5502
0.3020,2449.7,114.862,16.583,0.2375,0.4176,0.4804
0.3030,2454.5,115.094,16.262,0.2323,0.3203,0.3957
0.3040,2459.1,115.319,16.068,0.2246,0.1945,0.2971
0.3050,2463.7,115.533,15.951,0.2142,0.1172,0.2441
0.3060,2468.3,115.734,15.883,0.2011,0.0673,0.2121
0.3070,2472.7,115.920,15.857,0.1861,0.0267,0.1880
0.3080,2477.2,116.090,15.861,0.1699,0.0038,0.1699
0.3090,2481.5,116.244,15.885,0.1535,0.0241,0.1554
0.3100,2485.8,116.382,15.922,0.1381,0.0376,0.1431
0.3110,2490.1,116.506,15.974,0.1243,0.0521,0.1348
0.3120,2494.3,116.619,16.068,0.1128,0.0933,0.1464
0.3130,2498.4,116.722,16.125,0.1033,0.0573,0.1182
0.3140,2502.5,116.818,16.172,0.0954,0.0468,0.1063
0.3150,2506.5,116.906,16.214,0.0880,0.0424,0.0977
0.3160,2510.5,116.985,16.252,0.0798,0.0381,0.0885
0.3170,2514.4,117.055,16.305,0.0695,0.0524,0.0871
0.3180,2518.3,117.111,16.345,0.0561,0.0405,0.0692
0.3190,2522.1,117.150,16.376,0.0388,0.0308,0.0495
0.3200,2525.9,117.167,16.400,0.0176,0.0243,0.0300
0.3210,2529.7,117.160,16.423,0.0071,0.0226,0.0237
0.3220,2533.3,117.126,16.466,0.0342,0.0425,0.0545
0.3230,2537.0,117.064,16.523,0.0624,0.0578,0.0850
0.3240,2540.6,116.974,16.587,0.0903,0.0636,0.1104
0.3250,2544.1,116.857,16.612,0.1164,0.0254,0.1191
0.3260,2547.6,116.718,16.619,0.1395,0.0068,0.1397
0.3270,2551.1,116.559,16.611,0.1589,0.0083,0.1591
0.3280,2554.5,116.385,16.582,0.1740,0.0289,0.1764
0.3290,2557.9,116.200,16.555,0.1850,0.0266,0.1869
0.3300,2561.3,116.008,16.537,0.1920,0.0183,0.1929
0.3310,2564.6,115.812,16.533,0.1957,0.0042,0.1957
0.3320,2567.9,115.615,16.544,0.1966,0.0110,0.1969
0.3330,2571.1,115.420,16.556,0.1954,0.0116,0.1957
0.3340,2574.3,115.228,16.563,0.1926,0.0075,0.1927
0.3350,2577.5,115.039,16.576,0.1887,0.0127,0.1891
0.3360,2580.6,114.855,16.587,0.1841,0.0117,0.1845
0.3370,2583.7,114.676,16.585,0.1791,0.0027,0.1792
0.3380,2586.8,114.502,16.584,0.1740,0.0005,0.1740
0.3390,2589.8,114.333,16.586,0.1688,0.0017,0.1688
0.3400,2592.8,114.169,16.596,0.1637,0.0096,0.1640
0.3410,2595.8,114.010,16.611,0.1589,0.0150,0.1596
0.3420,2598.7,113.856,16.639,0.1542,0.0285,0.1568
0.3430,2601.6,113.706,16.655,0.1497,0.0160,0.1506
0.3440,2604.5,113.561,16.660,0.1452,0.0048,0.1453
0.3450,2607.4,113.420,16.686,0.1406,0.0258,0.1429
0.3460,2610.3,113.285,16.716,0.1357,0.0298,0.1389
0.3470,2613.1,113.154,16.744,0.1303,0.0289,0.1335
0.3480,2615.9,113.030,16.771,0.1245,0.0261,0.1272
0.3490,2618.6,112.912,16.792,0.1180,0.0219,0.1200
0.3500,2621.4,112.801,16.812,0.1110,0.0197,0.1127
0.3510,2624.1,112.697,16.829,0.1036,0.0173,0.1050
0.3520,2626.8,112.601,16.839,0.0960,0.0100,0.0965
0.3530,2629.5,112.513,16.844,0.0886,0.0049,0.0887
0.3540,2632.2,112.431,16.856,0.0817,0.0115,0.0825
0.3550,2634.9,112.356,16.868,0.0757,0.0120,0.0766
0.3560,2637.5,112.284,16.887,0.0712,0.0195,0.0738
0.3570,2640.1,112.216,16.907,0.0684,0.0201,0.0713
0.3580,2642.8,112.148,16.935,0.0678,0.0271,0.0730
0.3590,2645.4,112.079,16.965,0.0694,0.0303,0.0758
0.3600,2648.0,112.005,17.017,0.0733,0.0524,0.0901
0.3610,2650.5,111.926,17.071,0.0793,0.0542,0.0960
0.3620,2653.1,111.839,17.129,0.0870,0.0572,0.1042
0.3630,2655.7,111.743,17.185,0.0961,0.0559,0.1112
0.3640,2658.2,111.637,17.231,0.1060,0.0468,0.1159
0.3650,2660.8,111.521,17.283,0.1163,0.0521,0.1274
0.3660,2663.3,111.394,17.347,0.1263,0.0637,0.1415
0.3670,2665.8,111.259,17.423,0.1357,0.0759,0.1555
0.3680,2668.3,111.115,17.526,0.1440,0.1029,0.1770
0.3690,2670.9,110.964,17.649,0.1511,0.1234,0.1951
0.3700,2673.4,110.807,17.816,0.1568,0.1667,0.2289
0.3710,2675.9,110.646,18.007,0.1610,0.1909,0.2497
0.3720,2678.4,110.482,18.246,0.1637,0.2395,0.2901
0.3730,2680.9,110.317,18.505,0.1651,0.2584,0.3066
0.3740,2683.4,110.151,18.800,0.1655,0.2956,0.3387
0.3750,2686.0,109.986,19.106,0.1651,0.3053,0.3471
0.3760,2688.5,109.822,19.431,0.1642,0.3251,0.3642
0.3770,2691.0,109.659,19.646,0.1630,0.2158,0.2705
0.3780,2693.5,109.497,19.666,0.1619,0.0196,0.1630
0.3790,2696.0,109.336,19.631,0.1608,0.0353,0.1647
0.3800,2698.6,109.176,19.504,0.1600,0.1264,0.2039
0.3810,2701.1,109.017,19.369,0.1594,0.1350,0.2089
0.3820,2703.7,108.858,19.223,0.1591,0.1467,0.2164
0.3830,2706.2,108.699,19.140,0.1588,0.0822,0.1788
0.3840,2708.8,108.540,19.141,0.1587,0.0006,0.1587
0.3850,2711.4,108.382,19.190,0.1585,0.0489,0.1658
0.3860,2714.0,108.224,19.289,0.1581,0.0986,0.1863
0.3870,2716.6,108.066,19.431,0.1574,0.1420,0.2120
0.3880,2719.2,107.910,19.607,0.1562,0.1762,0.2355
0.3890,2721.8,107.756,19.781,0.1544,0.1744,0.2329
0.3900,2724.5,107.604,19.955,0.1516,0.1742,0.2309
0.3910,2727.1,107.456,20.002,0.1480,0.0464,0.1551
0.3920,2729.8,107.313,20.007,0.1433,0.0053,0.1434
0.3930,2732.5,107.175,20.028,0.1378,0.0211,0.1394
0.3940,2735.2,107.044,20.055,0.1314,0.0272,0.1342
0.3950,2737.9,106.919,20.220,0.1246,0.1642,0.2061
0.3960,2740.7,106.802,20.372,0.1174,0.1525,0.1924
0.3970,2743.4,106.691,20.485,0.1103,0.1133,0.1582
0.3980,2746.2,106.588,20.528,0.1036,0.0431,0.1122
0.3990,2749.1,106.490,20.470,0.0974,0.0589,0.1139
0.4000,2751.9,106.398,20.287,0.0922,0.1823,0.2043
0.4010,2754.8,106.310,20.027,0.0879,0.2601,0.2745
0.4020,2757.7,106.225,19.799,0.0848,0.2280,0.2433
0.4030,2760.6,106.142,19.568,0.0828,0.2312,0.2456
0.4040,2763.5,106.061,19.336,0.0819,0.2316,0.2456
0.4050,2766.5,105.979,19.130,0.0818,0.2064,0.2220
0.4060,2769.5,105.897,18.956,0.0820,0.1744,0.1927
0.4070,2772.5,105.815,18.874,0.0822,0.0811,0.1155
0.4080,2775.6,105.733,18.844,0.0819,0.0305,0.0874
0.4090,2778.7,105.652,18.961,0.0805,0.1173,0.1422
0.4100,2781.8,105.575,19.205,0.0775,0.2432,0.2553
0.4110,2785.0,105.502,19.552,0.0728,0.3479,0.3554
0.4120,2788.2,105.435,19.917,0.0663,0.3649,0.3709
0.4130,2791.4,105.377,20.240,0.0581,0.3226,0.3278
0.4140,2794.7,105.329,20.498,0.0485,0.2585,0.2630
0.4150,2798.0,105.291,20.515,0.0379,0.0165,0.0414
0.4160,2801.3,105.264,20.422,0.0267,0.0927,0.0964
0.4170,2804.7,105.249,20.200,0.0154,0.2227,0.2232
0.4180,2808.2,105.244,19.751,0.0043,0.4488,0.4488
0.4190,2811.6,105.251,19.284,0.0062,0.4665,0.4665
0.4200,2815.1,105.267,18.834,0.0159,0.4507,0.4510
0.4210,2818.7,105.291,18.403,0.0248,0.4301,0.4308
0.4220,2822.3,105.324,18.131,0.0325,0.2723,0.2743
0.4230,2825.9,105.363,17.989,0.0391,0.1426,0.1479
0.4240,2829.6,105.407,17.927,0.0444,0.0616,0.0759
0.4250,2833.3,105.456,17.885,0.0486,0.0421,0.0643
0.4260,2837.1,105.507,17.840,0.0515,0.0450,0.0684
0.4270,2840.9,105.561,17.788,0.0534,0.0523,0.0747
0.4280,2844.8,105.615,17.730,0.0543,0.0579,0.0794
0.4290,2848.7,105.670,17.652,0.0546,0.0772,0.0946
0.4300,2852.7,105.724,17.569,0.0545,0.0835,0.0997
0.4310,2856.7,105.778,17.489,0.0542,0.0795,0.0962
0.4320,2860.8,105.832,17.420,0.0539,0.0694,0.0879
0.4330,2864.9,105.886,17.352,0.0539,0.0680,0.0868
0.4340,2869.1,105.941,17.307,0.0545,0.0453,0.0709
0.4350,2873.4,105.997,17.284,0.0558,0.0230,0.0603
0.4360,2877.7,106.055,17.277,0.0581,0.0068,0.0585
0.4370,2882.0,106.116,17.312,0.0618,0.0350,0.0710
0.4380,2886.5,106.184,17.422,0.0670,0.1097,0.1286
0.4390,2890.9,106.258,17.634,0.0741,0.2120,0.2246
0.4400,2895.5,106.341,18.016,0.0832,0.3823,0.3913
0.4410,2900.1,106.436,18.662,0.0948,0.6459,0.6528
0.4420,2904.7,106.545,19.594,0.1091,0.9323,0.9387
0.4430,2909.4,106.671,20.493,0.1262,0.8989,0.9077
0.4440,2914.2,106.817,21.079,0.1462,0.5856,0.6036
0.4450,2919.1,106.986,21.251,0.1688,0.1728,0.2416
0.4460,2924.0,107.180,20.985,0.1936,0.2664,0.3293
0.4470,2929.0,107.399,20.401,0.2198,0.5845,0.6245
0.4480,2934.0,107.646,20.131,0.2464,0.2697,0.3653
0.4490,2939.1,107.918,20.132,0.2724,0.0013,0.2724
0.4500,2944.3,108.215,20.043,0.2970,0.0892,0.3101
0.4510,2949.6,108.535,19.901,0.3195,0.1421,0.3497
0.4520,2954.9,108.874,19.809,0.3396,0.0913,0.3516
0.4530,2960.3,109.231,19.820,0.3573,0.0102,0.3574
0.4540,2965.7,109.604,19.912,0.3731,0.0920,0.3842
0.4550,2971.3,109.992,20.059,0.3875,0.1476,0.4147
0.4560,2976.9,110.393,20.199,0.4014,0.1402,0.4251
0.4570,2982.6,110.809,20.327,0.4154,0.1271,0.4345
0.4580,2988.4,111.239,20.498,0.4301,0.1712,0.4630
0.4590,2994.2,111.685,20.692,0.4457,0.1943,0.4862
0.4600,3000.1,112.147,20.766,0.4619,0.0735,0.4678
0.4610,3006.4,112.625,20.727,0.4780,0.0381,0.4795
0.4620,3013.1,113.117,20.673,0.4923,0.0547,0.4953
0.4630,3020.3,113.620,20.635,0.5027,0.0381,0.5041
0.4640,3028.1,114.126,20.566,0.5068,0.0687,0.5114
0.4650,3036.4,114.629,20.002,0.5024,0.5638,0.7552
0.4660,3045.1,115.117,19.370,0.4879,0.6315,0.7980
0.4670,3054.4,115.580,18.857,0.4630,0.5133,0.6913
0.4680,3064.1,116.009,18.466,0.4295,0.3913,0.5810
0.4690,3074.4,116.400,18.141,0.3907,0.3246,0.5080
0.4700,3085.1,116.750,18.048,0.3507,0.0933,0.3629
0.4710,3096.3,117.064,17.746,0.3134,0.3023,0.4355
0.4720,3107.9,117.346,17.424,0.2818,0.3220,0.4278
0.4730,3120.1,117.602,17.141,0.2568,0.2824,0.3817
0.4740,3132.7,117.840,17.007,0.2380,0.1343,0.2733
0.4750,3145.7,118.064,16.921,0.2235,0.0862,0.2396
0.4760,3159.2,118.275,16.754,0.2111,0.1670,0.2692
0.4770,3173.2,118.474,16.656,0.1992,0.0972,0.2217
0.4780,3187.6,118.662,16.478,0.1877,0.1783,0.2589
0.4790,3202.4,118.840,16.350,0.1778,0.1280,0.2191
0.4800,3217.7,119.010,16.230,0.1704,0.1206,0.2088
0.4810,3233.4,119.176,16.029,0.1661,0.2006,0.2605
0.4820,3249.5,119.341,15.845,0.1648,0.1836,0.2467
0.4830,3266.1,119.506,15.753,0.1650,0.0922,0.1890
0.4840,3283.1,119.670,15.845,0.1640,0.0923,0.1882
0.4850,3300.5,119.829,15.905,0.1589,0.0601,0.1699
0.4860,3318.3,119.975,15.902,0.1459,0.0037,0.1460
0.4870,3336.5,120.096,15.904,0.1211,0.0023,0.1211
0.4880,3355.1,120.176,15.872,0.0798,0.0315,0.0858
0.4890,3374.1,120.196,15.456,0.0201,0.4165,0.4170
0.4900,3393.5,120.137,15.163,0.0583,0.2929,0.2986
0.4910,3413.3,119.984,15.301,0.1530,0.1378,0.2059
0.4920,3433.5,119.726,15.456,0.2581,0.1551,0.3011
0.4930,3454.0,119.362,15.353,0.3643,0.1030,0.3786
0.4940,3475.0,118.901,15.283,0.4607,0.0701,0.4660
0.4950,3496.2,118.365,15.092,0.5362,0.1913,0.5693
0.4960,3517.9,117.782,15.272,0.5830,0.1803,0.6102
0.4970,3539.9,117.185,15.532,0.5977,0.2606,0.6520
0.4980,3562.3,116.603,15.268,0.5821,0.2647,0.6394
0.4990,3585.0,116.061,15.493,0.5416,0.2255,0.5866
0.5000,3608.1,115.577,15.704,0.4839,0.2103,0.5277
0.5010,3631.5,115.160,15.850,0.4171,0.1458,0.4419
0.5020,3655.3,114.812,15.772,0.3479,0.0777,0.3565
0.5030,3679.3,114.530,16.504,0.2823,0.7318,0.7843
0.5040,3703.8,114.306,17.109,0.2239,0.6055,0.6455
0.5050,3728.5,114.130,16.513,0.1758,0.5963,0.6217
0.5060,3753.6,113.990,15.703,0.1403,0.8101,0.8221
0.5070,3778.9,113.872,15.270,0.1178,0.4327,0.4484
0.5080,3804.6,113.764,15.404,0.1082,0.1341,0.1724
0.5090,3830.6,113.657,15.271,0.1068,0.1330,0.1706
0.5100,3856.9,113.551,15.583,0.1055,0.3121,0.3294
0.5110,3883.5,113.456,16.648,0.0956,1.0649,1.0691
0.5120,3910.4,113.388,16.435,0.0674,0.2126,0.2230
0.5130,3937.6,113.372,15.767,0.0163,0.6684,0.6686
0.5140,3965.1,113.427,15.535,0.0547,0.2324,0.2388
0.5150,3992.8,113.563,15.542,0.1359,0.0074,0.1361
0.5160,4020.8,113.773,15.753,0.2102,0.2105,0.2975
0.5170,4049.1,114.030,15.757,0.2577,0.0042,0.2577
0.5180,4077.7,114.290,15.647,0.2597,0.1097,0.2819
0.5190,4106.5,114.495,15.096,0.2048,0.5507,0.5875
0.5200,4135.6,114.586,15.561,0.0911,0.4647,0.4735
0.5210,4164.9,114.511,15.790,0.0752,0.2291,0.2412
0.5220,4194.5,114.234,14.957,0.2765,0.8336,0.8783
0.5230,4224.3,113.745,14.635,0.4889,0.3213,0.5850
0.5240,4254.4,113.056,15.300,0.6895,0.6649,0.9579
0.5250,4284.7,112.198,15.976,0.8582,0.6762,1.0925
0.5260,4315.2,111.215,14.816,0.9830,1.1601,1.5206
0.5270,4345.9,110.157,14.487,1.0577,0.3288,1.1076
0.5280,4376.9,109.071,14.589,1.0863,0.1016,1.0910
0.5290,4408.1,107.990,14.556,1.0805,0.0333,1.0811
0.5300,4439.5,106.939,14.893,1.0518,0.3374,1.1045
0.5310,4471.1,105.927,14.128,1.0119,0.7655,1.2688
0.5320,4503.0,104.958,14.096,0.9684,0.0319,0.9689
0.5330,4535.0,104.032,14.275,0.9260,0.1789,0.9431
0.5340,4567.2,103.148,15.378,0.8847,1.1031,1.4141
0.5350,4599.6,102.307,16.294,0.8407,0.9159,1.2433
0.5360,4632.2,101.517,16.514,0.7895,0.2204,0.8197
0.5370,4665.0,100.789,15.371,0.7285,1.1430,1.3554
0.5380,4697.9,100.130,15.016,0.6588,0.3549,0.7483
0.5390,4731.1,99.544,14.107,0.5856,0.9086,1.0810
0.5400,4764.4,99.027,14.490,0.5177,0.3821,0.6435
0.5410,4797.8,98.561,14.380,0.4653,0.1098,0.4781
0.5420,4831.4,98.124,14.389,0.4371,0.0089,0.4372
0.5430,4865.2,97.686,14.269,0.4385,0.1197,0.4545
0.5440,4899.1,97.214,14.386,0.4714,0.1167,0.4856
0.5450,4933.2,96.686,14.146,0.5283,0.2394,0.5800
0.5460,4967.4,96.088,13.858,0.5981,0.2886,0.6641
0.5470,5001.8,95.421,13.337,0.6669,0.5208,0.8461
0.5480,5036.3,94.703,13.413,0.7183,0.0763,0.7223
0.5490,5070.9,93.965,12.998,0.7383,0.4155,0.8472
0.5500,5105.6,93.243,12.466,0.7214,0.5319,0.8963
0.5510,5140.4,92.573,11.970,0.6699,0.4961,0.8336
0.5520,5175.4,91.980,11.708,0.5929,0.2618,0.6481
0.5530,5210.5,91.478,11.447,0.5021,0.2612,0.5659
0.5540,5245.7,91.066,11.312,0.4119,0.1353,0.4336
0.5550,5281.0,90.732,11.370,0.3345,0.0585,0.3395
0.5560,5316.3,90.458,11.520,0.2743,0.1495,0.3124
0.5570,5351.8,90.228,11.738,0.2300,0.2189,0.3175
0.5580,5387.4,90.030,11.844,0.1976,0.1052,0.2238
0.5590,5423.0,89.859,12.063,0.1713,0.2194,0.2783
0.5600,5458.8,89.711,12.090,0.1480,0.0271,0.1505
0.5610,5494.6,89.583,12.118,0.1279,0.0282,0.1310
0.5620,5530.4,89.470,12.031,0.1131,0.0877,0.1432
0.5630,5566.4,89.362,11.936,0.1073,0.0947,0.1431
0.5640,5602.4,89.249,11.922,0.1131,0.0139,0.1139
0.5650,5638.4,89.119,12.069,0.1306,0.1471,0.1967
0.5660,5674.5,88.961,12.207,0.1575,0.1382,0.2096
0.5670,5710.7,88.771,12.099,0.1904,0.1081,0.2189
0.5680,5746.9,88.546,12.149,0.2249,0.0499,0.2304
0.5690,5783.1,88.286,12.044,0.2599,0.1055,0.2805
0.5700,5819.4,87.990,12.028,0.2959,0.0160,0.2963
0.5710,5855.7,87.654,11.868,0.3366,0.1597,0.3726
0.5720,5892.0,87.268,11.640,0.3855,0.2276,0.4477
0.5730,5928.3,86.823,11.345,0.4453,0.2948,0.5340
0.5740,5964.7,86.309,11.419,0.5138,0.0739,0.5190
0.5750,6001.1,85.722,11.626,0.5868,0.2072,0.6223
0.5760,6037.5,85.064,11.642,0.6586,0.0153,0.6588
0.5770,6073.8,84.341,11.740,0.7223,0.0978,0.7289
0.5780,6110.2,83.568,11.899,0.7731,0.1592,0.7893
0.5790,6146.6,82.759,12.002,0.8093,0.1031,0.8159
0.5800,6183.0,81.927,12.161,0.8321,0.1586,0.8470
0.5810,6219.3,81.081,12.297,0.8454,0.1365,0.8564
0.5820,6255.7,80.226,12.515,0.8551,0.2177,0.8824
0.5830,6292.0,79.360,12.734,0.8665,0.2193,0.8939
0.5840,6328.3,78.476,13.105,0.8836,0.3705,0.9582
0.5850,6364.5,77.569,13.126,0.9075,0.0214,0.9077
0.5860,6400.7,76.631,12.967,0.9373,0.1594,0.9507
0.5870,6436.9,75.661,12.902,0.9705,0.0649,0.9727
0.5880,6473.0,74.656,12.669,1.0048,0.2330,1.0315
0.5890,6509.1,73.618,12.796,1.0377,0.1269,1.0455
0.5900,6545.1,72.550,13.045,1.0682,0.2496,1.0970
0.5910,6581.1,71.455,13.176,1.0956,0.1310,1.1034
0.5920,6617.0,70.335,13.312,1.1196,0.1355,1.1278
0.5930,6652.8,69.195,13.484,1.1398,0.1725,1.1528
0.5940,6688.5,68.039,13.998,1.1557,0.5142,1.2649
0.5950,6724.2,66.874,14.019,1.1657,0.0208,1.1659
0.5960,6759.8,65.706,13.604,1.1681,0.4148,1.2396
0.5970,6795.3,64.544,13.742,1.1613,0.1380,1.1694
0.5980,6830.7,63.399,13.873,1.1449,0.1303,1.1523
0.5990,6866.1,62.280,14.059,1.1190,0.1860,1.1344
0.6000,6901.3,61.195,14.307,1.0850,0.2480,1.1130
0.6010,6936.4,60.151,14.243,1.0448,0.0642,1.0467
0.6020,6971.4,59.150,14.372,1.0005,0.1295,1.0088
0.6030,7006.3,58.196,14.400,0.9538,0.0282,0.9542
0.6040,7041.1,57.291,14.182,0.9052,0.2183,0.9312
0.6050,7075.8,56.437,14.964,0.8543,0.7818,1.1581
0.6060,7110.3,55.637,15.145,0.8003,0.1809,0.8205
0.6070,7144.7,54.895,14.882,0.7420,0.2628,0.7872
0.6080,7178.9,54.215,14.933,0.6791,0.0514,0.6810
0.6090,7213.1,53.603,15.027,0.6122,0.0939,0.6193
0.6100,7247.1,53.060,15.155,0.5437,0.1283,0.5586
0.6110,7280.9,52.582,15.232,0.4774,0.0765,0.4835
0.6120,7314.6,52.165,15.427,0.4173,0.1953,0.4608
0.6130,7348.1,51.798,15.638,0.3670,0.2106,0.4232
0.6140,7381.4,51.470,15.846,0.3282,0.2078,0.3885
0.6150,7414.6,51.169,16.064,0.3006,0.2180,0.3714
0.6160,7447.7,50.887,16.345,0.2822,0.2817,0.3988
0.6170,7480.5,50.617,16.755,0.2696,0.4095,0.4903
0.6180,7513.2,50.359,17.023,0.2586,0.2683,0.3726
0.6190,7545.6,50.113,17.043,0.2459,0.0197,0.2467
0.6200,7577.9,49.883,17.083,0.2292,0.0404,0.2327
0.6210,7610.0,49.676,17.136,0.2077,0.0529,0.2143
0.6220,7641.9,49.494,17.265,0.1817,0.1294,0.2231
0.6230,7673.6,49.341,17.223,0.1531,0.0428,0.1590
0.6240,7705.1,49.217,17.190,0.1235,0.0330,0.1279
0.6250,7736.4,49.124,17.371,0.0936,0.1811,0.2038
0.6260,7767.5,49.060,17.390,0.0643,0.0196,0.0673
0.6270,7798.3,49.023,17.447,0.0368,0.0564,0.0673
0.6280,7828.9,49.010,17.358,0.0122,0.0888,0.0897
0.6290,7859.3,49.018,17.262,0.0076,0.0963,0.0966
0.6300,7889.5,49.039,17.156,0.0208,0.1056,0.1076
0.6310,7919.4,49.064,16.996,0.0250,0.1604,0.1624
0.6320,7949.1,49.083,16.962,0.0186,0.0338,0.0386
0.6330,7978.5,49.084,16.950,0.0011,0.0123,0.0123
0.6340,8007.7,49.057,16.901,0.0264,0.0490,0.0556
0.6350,8036.6,48.996,16.883,0.0610,0.0172,0.0633
0.6360,8065.2,48.897,17.291,0.0990,0.4076,0.4194
0.6370,8093.6,48.761,16.985,0.1368,0.3064,0.3355
0.6380,8121.8,48.589,16.914,0.1713,0.0703,0.1851
0.6390,8149.6,48.389,16.966,0.2002,0.0513,0.2067
0.6400,8177.2,48.166,16.946,0.2231,0.0193,0.2240
0.6410,8204.5,47.925,16.895,0.2406,0.0511,0.2459
0.6420,8231.5,47.671,16.952,0.2541,0.0569,0.2604
0.6430,8258.2,47.406,16.888,0.2655,0.0644,0.2732
0.6440,8284.6,47.129,16.812,0.2768,0.0757,0.2870
0.6450,8310.7,46.840,16.884,0.2895,0.0725,0.2984
0.6460,8336.5,46.535,16.993,0.3048,0.1083,0.3235
0.6470,8362.0,46.211,17.225,0.3233,0.2320,0.3979
0.6480,8387.2,45.867,16.855,0.3447,0.3694,0.5053
0.6490,8412.1,45.498,16.732,0.3691,0.1231,0.3891
0.6500,8436.6,45.102,16.696,0.3959,0.0361,0.3976
0.6510,8460.8,44.677,16.656,0.4247,0.0403,0.4266
0.6520,8484.7,44.222,16.479,0.4550,0.1766,0.4881
0.6530,8508.3,43.735,16.397,0.4866,0.0819,0.4934
0.6540,8531.5,43.216,16.306,0.5192,0.0913,0.5271
0.6550,8554.3,42.664,16.240,0.5522,0.0661,0.5561
0.6560,8576.8,42.080,16.105,0.5843,0.1354,0.5998
0.6570,8599.0,41.466,15.886,0.6138,0.2182,0.6515
0.6580,8620.8,40.827,15.745,0.6388,0.1415,0.6543
0.6590,8642.2,40.170,15.695,0.6576,0.0494,0.6594
0.6600,8663.3,39.501,15.641,0.6683,0.0549,0.6706
0.6610,8684.0,38.832,15.706,0.6697,0.0656,0.6729
0.6620,8704.3,38.170,15.586,0.6615,0.1202,0.6723
0.6630,8724.2,37.525,15.696,0.6448,0.1103,0.6541
0.6640,8743.8,36.904,16.007,0.6214,0.3103,0.6946
0.6650,8762.9,36.309,15.786,0.5944,0.2209,0.6341
0.6660,8781.7,35.742,15.801,0.5675,0.0150,0.5677
0.6670,8800.1,35.197,15.826,0.5447,0.0256,0.5453
0.6680,8818.0,34.668,15.893,0.5296,0.0663,0.5338
0.6690,8835.6,34.143,16.028,0.5247,0.1353,0.5419
0.6700,8852.7,33.612,16.255,0.5309,0.2268,0.5774
0.6710,8869.4,33.065,16.457,0.5474,0.2022,0.5836
0.6720,8885.7,32.492,16.718,0.5721,0.2616,0.6291
0.6730,8901.6,31.890,17.112,0.6021,0.3931,0.7190
0.6740,8917.1,31.256,17.083,0.6341,0.0288,0.6347
0.6750,8932.1,30.591,17.115,0.6654,0.0325,0.6662
0.6760,8946.7,29.897,17.231,0.6942,0.1162,0.7039
0.6770,8960.8,29.177,17.388,0.7195,0.1561,0.7362
0.6780,8974.5,28.437,17.526,0.7404,0.1381,0.7532
0.6790,8987.7,27.680,17.605,0.7564,0.0796,0.7606
0.6800,9000.5,26.914,17.790,0.7665,0.1843,0.7884
0.6810,9012.9,26.144,17.932,0.7699,0.1427,0.7830
0.6820,9025.2,25.378,18.052,0.7655,0.1197,0.7748
0.6830,9037.3,24.626,18.188,0.7524,0.1363,0.7647
0.6840,9049.3,23.895,18.340,0.7306,0.1519,0.7462
0.6850,9061.0,23.195,18.497,0.7005,0.1572,0.7179
0.6860,9072.7,22.531,18.607,0.6634,0.1097,0.6724
0.6870,9084.1,21.911,18.749,0.6206,0.1421,0.6366
0.6880,9095.4,21.337,18.881,0.5739,0.1318,0.5889
0.6890,9106.6,20.812,19.066,0.5255,0.1852,0.5571
0.6900,9117.6,20.334,19.242,0.4772,0.1757,0.5085
0.6910,9128.4,19.903,19.386,0.4314,0.1441,0.4548
0.6920,9139.1,19.513,19.515,0.3902,0.1292,0.4111
0.6930,9149.6,19.157,19.577,0.3560,0.0621,0.3614
0.6940,9160.0,18.826,19.646,0.3305,0.0686,0.3376
0.6950,9170.2,18.511,19.796,0.3153,0.1503,0.3493
0.6960,9180.4,18.200,19.899,0.3113,0.1032,0.3279
0.6970,9190.3,17.881,19.966,0.3186,0.0666,0.3254
0.6980,9200.1,17.545,20.056,0.3364,0.0896,0.3481
0.6990,9209.8,17.181,20.133,0.3632,0.0777,0.3714
0.7000,9219.4,16.785,20.188,0.3965,0.0547,0.4003
0.7010,9228.8,16.351,20.256,0.4337,0.0680,0.4390
0.7020,9238.1,15.879,20.365,0.4721,0.1093,0.4846
0.7030,9247.3,15.369,20.498,0.5099,0.1328,0.5269
0.7040,9256.3,14.824,20.579,0.5455,0.0813,0.5515
0.7050,9265.3,14.245,20.644,0.5783,0.0648,0.5819
0.7060,9274.1,13.637,20.749,0.6084,0.1047,0.6173
0.7070,9282.8,13.001,20.860,0.6365,0.1114,0.6461
0.7080,9291.3,12.337,20.961,0.6635,0.1011,0.6712
0.7090,9299.8,11.646,21.028,0.6906,0.0661,0.6938
0.7100,9308.1,10.928,21.106,0.7186,0.0785,0.7229
0.7110,9316.4,10.180,21.153,0.7480,0.0468,0.7495
0.7120,9324.5,9.401,21.182,0.7792,0.0286,0.7797
0.7130,9332.5,8.588,21.192,0.8124,0.0101,0.8125
0.7140,9340.4,7.741,21.206,0.8476,0.0148,0.8477
0.7150,9348.2,6.856,21.216,0.8844,0.0094,0.8844
0.7160,9355.9,5.934,21.199,0.9223,0.0170,0.9225
0.7170,9363.6,4.973,21.226,0.9610,0.0268,0.9613
0.7180,9371.1,3.973,21.251,0.9999,0.0253,1.0003
0.7190,9378.5,2.934,21.262,1.0390,0.0105,1.0390
0.7200,9385.8,1.856,21.238,1.0778,0.0233,1.0780
0.7210,9393.1,0.740,21.186,1.1163,0.0525,1.1175
0.7220,9400.2,-0.414,21.122,1.1542,0.0642,1.1560
0.7230,9407.3,-1.605,21.042,1.1915,0.0792,1.1941
0.7240,9414.3,-2.833,20.946,1.2279,0.0961,1.2316
0.7250,9421.2,-4.097,20.836,1.2635,0.1101,1.2683
0.7260,9428.0,-5.395,20.706,1.2983,0.1306,1.3049
0.7270,9434.8,-6.728,20.590,1.3327,0.1154,1.3377
0.7280,9441.5,-8.095,20.469,1.3668,0.1214,1.3721
0.7290,9448.1,-9.495,20.365,1.4008,0.1039,1.4047
0.7300,9454.6,-10.930,20.258,1.4350,0.1067,1.4390
0.7310,9461.1,-12.400,20.221,1.4693,0.0367,1.4698
0.7320,9467.5,-13.903,20.181,1.5035,0.0404,1.5041
0.7330,9473.9,-15.441,20.172,1.5373,0.0087,1.5373
0.7340,9480.1,-17.011,20.170,1.5701,0.0019,1.5701
0.7350,9486.4,-18.612,20.125,1.6015,0.0449,1.6022
0.7360,9492.5,-20.243,20.065,1.6311,0.0605,1.6322
0.7370,9498.6,-21.902,20.034,1.6584,0.0308,1.6587
0.7380,9504.7,-23.585,20.029,1.6835,0.0055,1.6835
0.7390,9510.7,-25.291,20.037,1.7063,0.0084,1.7063
0.7400,9516.7,-27.019,20.077,1.7273,0.0402,1.7278
0.7410,9522.6,-28.766,20.115,1.7471,0.0377,1.7475
0.7420,9528.4,-30.532,20.136,1.7663,0.0215,1.7664
0.7430,9534.3,-32.318,20.168,1.7855,0.0319,1.7858
0.7440,9540.0,-34.123,20.189,1.8052,0.0209,1.8053
0.7450,9545.8,-35.949,20.250,1.8258,0.0608,1.8268
0.7460,9551.5,-37.796,20.321,1.8472,0.0708,1.8485
0.7470,9557.2,-39.665,20.398,1.8694,0.0768,1.8709
0.7480,9562.8,-41.557,20.467,1.8919,0.0695,1.8931
0.7490,9568.4,-43.471,20.523,1.9141,0.0556,1.9149
0.7500,9574.0,-45.406,20.569,1.9353,0.0458,1.9358
0.7510,9579.6,-47.361,20.620,1.9549,0.0510,1.9555
0.7520,9585.1,-49.333,20.660,1.9722,0.0399,1.9726
0.7530,9590.6,-51.320,20.684,1.9868,0.0249,1.9869
0.7540,9596.1,306.682,20.731,1.9980,0.0467,1.9985
0.7550,9601.6,304.682,20.757,2.0000,0.0259,2.0002
0.7560,9607.0,302.682,20.758,2.0000,0.0006,2.0000
0.7570,9612.5,300.682,20.749,2.0000,0.0084,2.0000
0.7580,9617.9,298.682,20.739,2.0000,0.0098,2.0000
0.7590,9623.4,296.682,20.736,2.0000,0.0030,2.0000
0.7600,9628.8,294.682,20.735,2.0000,0.0019,2.0000
0.7610,9634.2,292.682,20.733,2.0000,0.0013,2.0000
0.7620,9639.6,290.693,20.724,1.9888,0.0094,1.9888
0.7630,9645.0,288.742,20.754,1.9515,0.0304,1.9517
0.7640,9650.4,286.807,20.788,1.9349,0.0335,1.9352
0.7650,9655.9,284.889,20.872,1.9179,0.0842,1.9197
0.7660,9661.3,282.988,20.904,1.9003,0.0316,1.9006
0.7670,9666.7,281.106,20.913,1.8822,0.0096,1.8822
0.7680,9672.2,279.243,20.919,1.8633,0.0060,1.8633
0.7690,9677.6,277.399,20.929,1.8438,0.0096,1.8438
0.7700,9683.1,275.576,20.927,1.8235,0.0022,1.8235
0.7710,9688.6,273.773,20.904,1.8025,0.0228,1.8027
0.7720,9694.1,271.992,20.866,1.7813,0.0380,1.7818
0.7730,9699.6,270.232,20.815,1.7600,0.0513,1.7608
0.7740,9705.2,268.493,20.800,1.7387,0.0148,1.7387
0.7750,9710.7,266.776,20.777,1.7170,0.0226,1.7171
0.7760,9716.3,265.081,20.762,1.6948,0.0150,1.6948
0.7770,9722.0,263.410,20.762,1.6715,0.0002,1.6715
0.7780,9727.6,261.763,20.757,1.6468,0.0045,1.6468
0.7790,9733.3,260.143,20.737,1.6201,0.0202,1.6203
0.7800,9739.1,258.552,20.692,1.5912,0.0453,1.5919
0.7810,9744.8,256.992,20.633,1.5596,0.0595,1.5608
0.7820,9750.7,255.467,20.590,1.5252,0.0425,1.5258
0.7830,9756.5,253.979,20.559,1.4878,0.0316,1.4881
0.7840,9762.4,252.532,20.562,1.4475,0.0040,1.4475
0.7850,9768.3,251.127,20.581,1.4047,0.0190,1.4048
0.7860,9774.3,249.767,20.562,1.3599,0.0193,1.3600
0.7870,9780.4,248.453,20.507,1.3139,0.0555,1.3151
0.7880,9786.5,247.185,20.398,1.2678,0.1081,1.2724
0.7890,9792.6,245.962,20.286,1.2229,0.1120,1.2280
0.7900,9798.8,244.782,20.199,1.1804,0.0879,1.1836
0.7910,9805.1,243.640,20.119,1.1415,0.0794,1.1443
0.7920,9811.4,242.533,20.022,1.1074,0.0970,1.1116
0.7930,9817.8,241.455,19.962,1.0782,0.0601,1.0799
0.7940,9824.3,240.402,19.928,1.0533,0.0337,1.0538
0.7950,9830.8,239.371,19.896,1.0310,0.0324,1.0315
0.7960,9837.4,238.362,19.908,1.0089,0.0119,1.0090
0.7970,9844.0,237.378,19.909,0.9838,0.0012,0.9838
0.7980,9850.8,236.425,19.929,0.9526,0.0204,0.9528
0.7990,9857.6,235.512,19.939,0.9127,0.0100,0.9128
0.8000,9864.5,234.650,19.946,0.8628,0.0061,0.8628
0.8010,9871.4,233.846,19.949,0.8032,0.0030,0.8032
0.8020,9878.5,233.110,19.979,0.7360,0.0303,0.7366
0.8030,9885.6,232.446,20.012,0.6645,0.0334,0.6653
0.8040,9892.8,231.853,20.030,0.5933,0.0175,0.5935
0.8050,9900.1,231.325,20.047,0.5274,0.0174,0.5277
0.8060,9907.5,230.854,20.061,0.4716,0.0141,0.4718
0.8070,9915.0,230.424,20.103,0.4296,0.0422,0.4317
0.8080,9922.6,230.020,20.145,0.4036,0.0412,0.4057
0.8090,9930.3,229.626,20.160,0.3940,0.0159,0.3943
0.8100,9938.1,229.227,20.182,0.3992,0.0215,0.3998
0.8110,9946.0,228.811,20.194,0.4165,0.0117,0.4167
0.8120,9954.0,228.369,20.228,0.4419,0.0346,0.4433
0.8130,9962.0,227.897,20.263,0.4714,0.0344,0.4726
0.8140,9970.2,227.396,20.273,0.5010,0.0106,0.5012
0.8150,9978.6,226.868,20.271,0.5280,0.0017,0.5280
0.8160,9987.0,226.318,20.274,0.5503,0.0021,0.5503
0.8170,9995.5,225.751,20.280,0.5671,0.0063,0.5671
0.8180,10004.2,225.173,20.309,0.5783,0.0288,0.5790
0.8190,10012.9,224.588,20.300,0.5843,0.0085,0.5844
0.8200,10021.8,224.003,20.290,0.5855,0.0102,0.5856
0.8210,10030.8,223.420,20.274,0.5824,0.0159,0.5827
0.8220,10040.0,222.845,20.263,0.5756,0.0110,0.5757
0.8230,10049.2,222.280,20.261,0.5652,0.0021,0.5652
0.8240,10058.6,221.729,20.262,0.5510,0.0006,0.5510
0.8250,10068.1,221.196,20.231,0.5326,0.0307,0.5334
0.8260,10077.8,220.687,20.190,0.5088,0.0408,0.5104
0.8270,10087.6,220.209,20.139,0.4785,0.0510,0.4812
0.8280,10097.5,219.769,20.089,0.4400,0.0507,0.4430
0.8290,10107.6,219.376,20.046,0.3925,0.0422,0.3948
0.8300,10117.8,219.041,20.008,0.3354,0.0381,0.3376
0.8310,10128.1,218.772,19.936,0.2693,0.0720,0.2787
0.8320,10138.6,218.576,19.874,0.1955,0.0622,0.2051
0.8330,10149.2,218.460,19.810,0.1163,0.0644,0.1329
0.8340,10160.0,218.425,19.757,0.0347,0.0527,0.0631
0.8350,10171.0,218.471,19.711,0.0455,0.0456,0.0645
0.8360,10182.1,218.591,19.667,0.1204,0.0438,0.1282
0.8370,10193.3,218.777,19.623,0.1860,0.0443,0.1912
0.8380,10204.7,219.016,19.615,0.2389,0.0078,0.2390
0.8390,10216.3,219.292,19.588,0.2761,0.0272,0.2775
0.8400,10228.0,219.589,19.555,0.2964,0.0331,0.2982
0.8410,10239.9,219.888,19.520,0.2998,0.0353,0.3019
0.8420,10252.0,220.177,19.477,0.2882,0.0430,0.2914
0.8430,10264.2,220.441,19.443,0.2644,0.0335,0.2666
0.8440,10276.6,220.673,19.400,0.2319,0.0428,0.2359
0.8450,10289.2,220.867,19.369,0.1939,0.0313,0.1964
0.8460,10302.0,221.020,19.373,0.1532,0.0041,0.1532
0.8470,10314.9,221.132,19.342,0.1116,0.0315,0.1160
0.8480,10328.0,221.202,19.308,0.0707,0.0338,0.0784
0.8490,10341.3,221.234,19.288,0.0314,0.0202,0.0373
0.8500,10354.8,221.229,19.236,0.0051,0.0514,0.0517
0.8510,10368.4,221.191,19.166,0.0374,0.0699,0.0793
0.8520,10382.3,221.128,19.133,0.0637,0.0335,0.0720
0.8530,10396.3,221.045,19.167,0.0824,0.0338,0.0890
0.8540,10410.5,220.952,19.169,0.0929,0.0022,0.0930
0.8550,10425.0,220.857,19.159,0.0953,0.0096,0.0958
0.8560,10439.6,220.768,19.113,0.0890,0.0461,0.1002
0.8570,10454.4,220.693,19.079,0.0751,0.0347,0.0828
0.8580,10469.4,220.636,19.075,0.0565,0.0033,0.0566
0.8590,10484.6,220.604,19.082,0.0325,0.0067,0.0332
0.8600,10500.0,220.600,19.164,0.0036,0.0816,0.0817
0.8610,10516.9,220.631,19.223,0.0308,0.0595,0.0670
0.8620,10536.4,220.702,19.232,0.0714,0.0089,0.0719
0.8630,10558.4,220.823,19.265,0.1205,0.0334,0.1250
0.8640,10582.9,221.003,19.268,0.1804,0.0025,0.1804
0.8650,10610.0,221.257,19.191,0.2535,0.0768,0.2649
0.8660,10639.4,221.599,19.058,0.3423,0.1329,0.3672
0.8670,10671.2,222.045,19.058,0.4464,0.0002,0.4464
0.8680,10705.4,222.610,19.039,0.5642,0.0187,0.5645
0.8690,10741.9,223.303,18.961,0.6930,0.0783,0.6974
0.8700,10780.6,224.130,18.915,0.8272,0.0458,0.8285
0.8710,10821.4,225.089,18.950,0.9598,0.0345,0.9604
0.8720,10864.5,226.173,19.022,1.0835,0.0719,1.0859
0.8730,10909.6,227.365,19.092,1.1924,0.0702,1.1944
0.8740,10956.8,228.647,19.118,1.2816,0.0258,1.2818
0.8750,11006.0,229.994,19.079,1.3470,0.0391,1.3476
0.8760,11057.2,231.382,18.892,1.3882,0.1866,1.4007
0.8770,11110.3,232.787,18.849,1.4050,0.0431,1.4057
0.8780,11165.2,234.188,18.810,1.4012,0.0385,1.4018
0.8790,11222.0,235.569,18.714,1.3803,0.0961,1.3836
0.8800,11280.6,236.916,18.617,1.3479,0.0974,1.3514
0.8810,11340.8,238.227,18.599,1.3106,0.0174,1.3107
0.8820,11402.8,239.507,18.547,1.2801,0.0527,1.2812
0.8830,11466.4,240.771,19.149,1.2643,0.6027,1.4006
0.8840,11531.6,242.040,18.905,1.2688,0.2446,1.2921
0.8850,11598.4,243.338,20.105,1.2977,1.2000,1.7674
0.8860,11666.6,244.687,20.590,1.3492,0.4853,1.4338
0.8870,11736.3,246.104,20.867,1.4173,0.2766,1.4440
0.8880,11807.4,247.597,20.704,1.4923,0.1626,1.5011
0.8890,11879.8,249.164,20.785,1.5671,0.0809,1.5692
0.8900,11953.6,250.795,20.497,1.6311,0.2878,1.6563
0.8910,12028.6,252.476,20.128,1.6814,0.3694,1.7215
0.8920,12104.9,254.192,19.792,1.7162,0.3359,1.7487
0.8930,12182.3,255.929,19.563,1.7363,0.2289,1.7514
0.8940,12260.8,257.674,19.303,1.7450,0.2600,1.7643
0.8950,12340.5,259.411,18.993,1.7372,0.3097,1.7646
0.8960,12421.1,261.118,18.785,1.7070,0.2083,1.7197
0.8970,12502.8,262.766,18.612,1.6478,0.1735,1.6569
0.8980,12585.3,264.325,18.654,1.5588,0.0426,1.5593
0.8990,12668.8,265.764,18.615,1.4393,0.0393,1.4398
0.9000,12753.1,267.063,18.168,1.2995,0.4472,1.3743
0.9010,12838.3,268.211,17.920,1.1472,0.2479,1.1737
0.9020,12924.1,269.205,17.742,0.9940,0.1782,1.0099
0.9030,13010.7,270.064,17.578,0.8590,0.1633,0.8744
0.9040,13098.0,270.830,17.725,0.7662,0.1461,0.7800
0.9050,13185.8,271.566,17.735,0.7363,0.0103,0.7363
0.9060,13274.3,272.334,17.467,0.7680,0.2682,0.8135
0.9070,13363.2,273.207,17.519,0.8733,0.0519,0.8749
0.9080,13452.6,274.240,17.408,1.0324,0.1107,1.0383
0.9090,13542.5,275.450,17.286,1.2105,0.1218,1.2166
0.9100,13632.7,276.830,17.075,1.3800,0.2107,1.3960
0.9110,13723.3,278.346,16.503,1.5154,0.5726,1.6199
0.9120,13814.2,279.964,17.703,1.6185,1.2000,2.0148
0.9130,13905.3,281.656,18.903,1.6915,1.2000,2.0739
0.9140,13996.6,283.404,20.103,1.7481,1.2000,2.1203
0.9150,14088.0,285.212,21.303,1.8079,1.2000,2.1699
0.9160,14179.6,287.095,22.503,1.8835,1.2000,2.2333
0.9170,14271.2,289.064,21.303,1.9690,1.2000,2.3059
0.9180,14362.8,291.064,21.516,2.0000,0.2132,2.0113
0.9190,14454.4,293.064,21.206,2.0000,0.3099,2.0239
0.9200,14545.9,295.064,21.206,2.0000,0.0000,2.0000
0.9210,14637.2,296.982,20.006,1.9181,1.2000,2.2625
0.9220,14728.4,298.521,19.633,1.5385,0.3733,1.5831
0.9230,14819.4,299.698,19.026,1.1770,0.6065,1.3240
0.9240,14910.1,300.484,18.518,0.7864,0.5079,0.9362
0.9250,15000.5,300.918,19.718,0.4340,1.2000,1.2761
0.9260,15090.5,301.067,19.325,0.1495,0.3936,0.4210
0.9270,15180.1,301.053,19.622,0.0148,0.2967,0.2971
0.9280,15269.3,300.985,20.822,0.0679,1.2000,1.2019
0.9290,15358.0,300.953,20.985,0.0322,0.1638,0.1669
0.9300,15446.1,301.035,20.648,0.0820,0.3369,0.3467
0.9310,15533.6,301.260,20.006,0.2256,0.6429,0.6814
0.9320,15620.5,301.620,19.015,0.3597,0.9906,1.0539
0.9330,15706.7,302.087,18.658,0.4670,0.3570,0.5878
0.9340,15792.1,302.615,17.458,0.5284,1.2000,1.3112
0.9350,15876.8,303.157,17.429,0.5417,0.0293,0.5425
0.9360,15960.6,303.665,18.629,0.5081,1.2000,1.3031
0.9370,16043.6,304.106,19.256,0.4414,0.6277,0.7673
0.9380,16125.7,304.458,18.781,0.3512,0.4754,0.5910
0.9390,16206.8,304.696,18.139,0.2388,0.6420,0.6850
0.9400,16286.8,304.800,17.725,0.1031,0.4142,0.4269
0.9410,16365.9,304.743,17.011,0.0565,0.7137,0.7159
0.9420,16443.8,304.508,16.706,0.2354,0.3053,0.3855
0.9430,16520.5,304.077,16.363,0.4303,0.3432,0.5504
0.9440,16596.1,303.448,16.067,0.6292,0.2951,0.6950
0.9450,16670.4,302.620,15.937,0.8282,0.1303,0.8384
0.9460,16743.4,301.605,15.610,1.0154,0.3276,1.0670
0.9470,16815.1,300.431,15.376,1.1739,0.2330,1.1969
0.9480,16885.4,299.138,15.180,1.2929,0.1964,1.3077
0.9490,16954.3,297.769,14.932,1.3685,0.2484,1.3908
0.9500,17021.7,296.371,14.950,1.3987,0.0180,1.3988
0.9510,17087.6,294.984,14.779,1.3867,0.1705,1.3972
0.9520,17151.9,293.644,14.588,1.3398,0.1916,1.3534
0.9530,17214.5,292.372,14.468,1.2723,0.1198,1.2779
0.9540,17275.6,291.170,14.311,1.2014,0.1569,1.2116
0.9550,17334.9,290.036,14.099,1.1344,0.2122,1.1541
0.9560,17392.4,288.959,13.920,1.0765,0.1783,1.0912
0.9570,17448.2,287.932,13.827,1.0278,0.0936,1.0320
0.9580,17502.1,286.946,13.583,0.9854,0.2441,1.0152
0.9590,17554.1,286.002,13.393,0.9440,0.1896,0.9629
0.9600,17604.1,285.101,13.285,0.9009,0.1086,0.9074
0.9610,17652.2,284.246,13.230,0.8557,0.0542,0.8574
0.9620,17698.3,283.436,13.112,0.8099,0.1179,0.8184
0.9630,17742.2,282.667,12.994,0.7689,0.1185,0.7780
0.9640,17784.0,281.929,12.651,0.7378,0.3431,0.8137
0.9650,17823.7,281.210,12.392,0.7195,0.2589,0.7647
0.9660,17861.1,280.495,12.414,0.7141,0.0222,0.7145
0.9670,17896.3,279.779,12.288,0.7161,0.1259,0.7271
0.9680,17929.1,279.061,12.148,0.7182,0.1398,0.7317
0.9690,17959.6,278.349,12.023,0.7121,0.1253,0.7230
0.9700,17987.7,277.656,11.909,0.6935,0.1137,0.7027
0.9710,18013.3,276.991,11.762,0.6646,0.1470,0.6807
0.9720,18036.5,276.359,11.700,0.6322,0.0629,0.6353
0.9730,18057.1,275.748,11.660,0.6111,0.0400,0.6125
0.9740,18075.0,275.124,11.727,0.6236,0.0673,0.6272
0.9750,18090.4,274.421,11.975,0.7027,0.2478,0.7451
0.9760,18103.0,273.529,12.501,0.8920,0.5259,1.0355
0.9770,18113.0,272.278,13.449,1.2511,0.9489,1.5703
0.9780,18120.1,270.442,14.649,1.8360,1.2000,2.1934
0.9790,18124.4,268.442,15.849,2.0000,1.2000,2.3323
0.9800,18125.9,266.442,17.049,2.0000,1.2000,2.3323
0.9810,18125.9,264.442,18.249,2.0000,1.2000,2.3323
0.9820,18125.9,262.442,19.449,2.0000,1.2000,2.3323
0.9830,18125.9,244.937,20.649,17.5050,1.2000,17.5458
0.9840,18125.9,220.891,21.849,24.0458,1.2000,24.0752
0.9850,18125.9,199.166,23.049,21.7260,1.2000,21.7587
0.9860,18125.9,184.238,24.249,14.9273,1.2000,14.9752
0.9870,18125.9,174.838,25.449,9.3998,1.2000,9.4760
0.9880,18125.9,168.842,26.649,5.9960,1.2000,6.1148
0.9890,18125.9,164.924,27.849,3.9184,1.2000,4.0980
0.9900,18125.9,162.246,28.000,2.6781,0.1505,2.6823
0.9910,18125.9,160.227,28.000,2.0189,0.0000,2.0189
0.9920,18125.9,158.227,28.000,2.0000,0.0000,2.0000
0.9930,18125.9,156.227,28.000,2.0000,0.0000,2.0000
0.9940,18125.9,154.227,28.000,2.0000,0.0000,2.0000
0.9950,18125.9,152.227,28.000,2.0000,0.0000,2.0000
0.9960,18125.9,150.227,28.000,2.0000,0.0000,2.0000
0.9970,18125.9,148.227,28.000,2.0000,0.0000,2.0000
0.9980,18125.9,146.227,28.000,2.0000,0.0000,2.0000
0.9990,18125.9,144.227,28.000,2.0000,0.0000,2.0000
1.0000,18125.9,142.227,28.000,2.0000,0.0000,2.0000
